Player,Position,GP,GPG,APG,PPG,PlayerID
A.J. Greer,LW,9,0.11,0.11,0.22,greeraj01
Aaron Dell,G,12,0.00,0.00,0.00,dellaa01
Aaron Ekblad,D,61,0.25,0.69,0.93,ekblaaa01
Adam Beckman,LW,3,0.00,0.33,0.33,beckmad01
Adam Boqvist,D,52,0.21,0.21,0.42,boqviad01
Adam Brooks,C,25,0.08,0.04,0.12,brookad01
Adam Erne,LW,79,0.08,0.16,0.24,ernead01
Adam Fox,D,78,0.14,0.81,0.95,foxad01
Adam Gaudette,C,58,0.09,0.16,0.24,gaudead01
Adam Henrique,C,58,0.33,0.40,0.72,henriad01
Adam Huska,G,1,0.00,0.00,0.00,huskaad01
Adam Larsson,D,82,0.10,0.21,0.30,larssad01
Adam Lowry,LW,79,0.16,0.10,0.27,lowryad01
Adam Pelech,D,78,0.04,0.32,0.36,pelecad01
Adam Raška,RW,5,0.00,0.00,0.00,raskaad01
Adam Ružička,C,28,0.18,0.18,0.36,ruzicad01
Adin Hill,G,25,0.00,0.08,0.08,hillad01
Adrian Kempe,LW,78,0.45,0.24,0.69,kempead01
Akira Schmid,G,6,0.00,0.00,0.00,schmiak01
Alec Martinez,D,26,0.12,0.19,0.31,martial01
Alec Regula,D,15,0.07,0.00,0.07,regulal01
Aleksander Barkov,C,67,0.58,0.73,1.31,barkoal01
Aleksi Heponiemi,C,6,0.00,0.17,0.17,heponal01
Alex Barré-Boulet,F,16,0.19,0.19,0.38,barreal01
Alex Belzile,F,11,0.00,0.00,0.00,belzial01
Alex Biega,D,2,0.00,0.00,0.00,biegaal01
Alex Chiasson,RW,67,0.19,0.13,0.33,chiasal01
Alex DeBrincat,RW,82,0.50,0.45,0.95,debrial01
Alex Formenton,LW,79,0.23,0.18,0.41,formeal01
Alex Galchenyuk,C,60,0.10,0.25,0.35,galchal01
Alex Goligoski,D,72,0.03,0.39,0.42,goligal01
Alex Iafallo,C,79,0.22,0.25,0.47,iafalal01
Alex Killorn,C/LW,82,0.30,0.41,0.72,killoal01
Alex Lyon,G,2,0.00,0.00,0.00,lyonal01
Alex Nedeljkovic,G,59,0.00,0.03,0.03,nedelal01
Alex Newhook,C,71,0.18,0.28,0.46,newhoal01
Alex Ovechkin,LW,77,0.65,0.52,1.17,ovechal01
Alex Pietrangelo,D,80,0.16,0.39,0.55,pietral01
Alex Stalock,G,1,0.00,0.00,0.00,staloal01
Alex Steeves,F,3,0.00,0.33,0.33,steeval02
Alex Tuch,RW,50,0.24,0.52,0.76,tuchal01
Alex Turcotte,C,8,0.00,0.00,0.00,turcoal02
Alex Vlasic,D,15,0.07,0.07,0.13,vlasial01
Alexandar Georgiev,G,33,0.00,0.00,0.00,georgal01
Alexander Alexeyev,D,1,0.00,0.00,0.00,alexeal01
Alexander Barabanov,F,70,0.14,0.41,0.56,barabal01
Alexander Edler,D,41,0.07,0.39,0.46,edleral01
Alexander Holtz,RW,9,0.00,0.22,0.22,holtzal01
Alexander Kerfoot,C,82,0.16,0.46,0.62,kerfoal01
Alexander Radulov,RW,71,0.06,0.25,0.31,radulal01
Alexander Romanov,D,79,0.04,0.13,0.16,romanal01
Alexander True,F,8,0.00,0.00,0.00,trueal01
Alexander Wennberg,C,80,0.14,0.33,0.46,wennbal01
Alexandre Carrier,D,77,0.04,0.35,0.39,carrial01
Alexandre Texier,C,36,0.31,0.25,0.56,texieal01
Alexey Toropchenko,RW,28,0.07,0.00,0.07,toropal01
Alexis Lafrenière,LW,79,0.24,0.15,0.39,lafreal01
Aliaksei Protas,C,33,0.09,0.18,0.27,protaal01
Anders Bjork,LW,58,0.09,0.05,0.14,bjorkan01
Anders Lee,LW,76,0.37,0.24,0.61,leean01
André Burakovsky,LW,80,0.28,0.49,0.76,burakan01
Andreas Athanasiou,C,28,0.39,0.21,0.61,athanan01
Andreas Johnsson,LW,71,0.18,0.31,0.49,johnsan01
Andrei Svechnikov,RW,78,0.38,0.50,0.88,svechan01
Andrei Vasilevskiy,G,63,0.00,0.02,0.02,vasilan02
Andrej Sekera,D,32,0.03,0.09,0.13,sekeran01
Andrej Šustr,D,38,0.03,0.13,0.16,sustran01
Andrew Agozzino,LW,1,0.00,0.00,0.00,agozzan01
Andrew Cogliano,LW/C,74,0.05,0.16,0.22,coglian01
Andrew Copp,C,72,0.29,0.44,0.74,coppan01
Andrew Hammond,G,11,0.00,0.00,0.00,hammoan01
Andrew Ladd,LW,51,0.14,0.10,0.24,laddan01
Andrew Mangiapane,LW,82,0.43,0.24,0.67,mangian01
Andrew Peeke,D,82,0.02,0.16,0.18,peekean01
Andrew Poturalski,C,2,0.00,1.00,1.00,poturan01
Andy Andreoff,LW,6,0.17,0.00,0.17,andrean01
Andy Greene,D,69,0.03,0.12,0.14,greenan01
Anthony Angello,C,4,0.00,0.00,0.00,angelan01
Anthony Beauvillier,LW,75,0.16,0.29,0.45,beauvan01
Anthony Cirelli,C,76,0.22,0.34,0.57,cirelan01
Anthony Duclair,LW,74,0.42,0.36,0.78,duclaan01
Anthony Greco,RW,1,0.00,0.00,0.00,grecoan01
Anthony Mantha,RW,37,0.24,0.38,0.62,manthan01
Anthony Stolarz,G,28,0.00,0.04,0.04,stolaan01
Antoine Roussel,LW,53,0.08,0.08,0.15,roussan01
Anton Blidh,LW,32,0.06,0.22,0.28,blidhan01
Anton Forsberg,G,46,0.00,0.00,0.00,forsban01
Anton Khudobin,G,9,0.00,0.00,0.00,khudoan01
Anton Lundell,C,65,0.28,0.40,0.68,lundean01
Anton Strålman,D,74,0.11,0.20,0.31,stralan01
Antti Raanta,G,28,0.00,0.00,0.00,raantan01
Anže Kopitar,C,81,0.23,0.59,0.83,kopitan01
Artem Zub,D,81,0.07,0.20,0.27,zubar01
Artemi Kniazev,D,1,0.00,0.00,0.00,kniazar01
Artemi Panarin,LW,75,0.29,0.99,1.28,panarar01
Arthur Kaliyev,RW,80,0.18,0.16,0.34,kaliyar01
Arttu Ruotsalainen,F,18,0.11,0.11,0.22,ruotsar01
Artturi Lehkonen,LW,74,0.26,0.26,0.51,lehkoar01
Arvid Söderblom,G,3,0.00,0.00,0.00,soderar01
Austin Czarnik,C,17,0.12,0.29,0.41,czarnau01
Austin Poganski,RW,16,0.00,0.00,0.00,poganau01
Austin Strand,D,8,0.00,0.25,0.25,stranau01
Austin Watson,LW,67,0.15,0.09,0.24,watsoau01
Auston Matthews,C,73,0.82,0.63,1.45,matthau01
Axel Jonsson-Fjällby,LW,23,0.09,0.09,0.17,jonssax01
Barclay Goodrow,RW,79,0.16,0.25,0.42,goodrba01
Barrett Hayton,C,60,0.17,0.23,0.40,haytoba01
Beck Malenstyn,LW,12,0.08,0.00,0.08,malenbe01
Ben Chiarot,D,74,0.12,0.23,0.35,chiarbe01
Ben Harpur,D,19,0.00,0.05,0.05,harpube01
Ben Hutton,D,58,0.05,0.17,0.22,huttobe01
Ben Jones,F,2,0.00,0.00,0.00,jonesbe01
Ben McCartney,F,2,0.00,0.00,0.00,mccarbe02
Ben Meyers,F,5,0.20,0.00,0.20,meyerbe01
Benoit-Olivier Groulx,C,18,0.06,0.11,0.17,groulbe01
Blake Coleman,C,81,0.20,0.21,0.41,colembl01
Blake Comeau,RW,6,0.17,0.00,0.17,comeabl01
Blake Lizotte,C,70,0.14,0.20,0.34,lizotbl01
Blake Speers,C,2,0.00,0.00,0.00,speerbl01
Blake Wheeler,RW,65,0.26,0.66,0.92,wheelbl01
Bo Horvat,C,70,0.44,0.30,0.74,horvabo01
Bobby Brink,RW,10,0.00,0.40,0.40,brinkbo01
Bokondji Imama,LW,4,0.25,0.00,0.25,imamabo01
Boone Jenner,C,59,0.39,0.36,0.75,jennebo01
Boris Katchouk,LW,59,0.05,0.07,0.12,katchbo01
Bowen Byram,D,30,0.17,0.40,0.57,byrambo01
Brad Hunt,D,50,0.06,0.28,0.34,huntbr01
Brad Malone,C/LW,8,0.13,0.13,0.25,malonbr01
Brad Marchand,LW,70,0.46,0.69,1.14,marchbr03
Brad Richardson,C,44,0.09,0.09,0.18,richabr02
Braden Holtby,G,24,0.00,0.00,0.00,holtbbr01
Braden Schneider,D,43,0.05,0.21,0.26,schnebr01
Brady Skjei,D,82,0.11,0.37,0.48,skjeibr01
Brady Tkachuk,LW,79,0.38,0.47,0.85,tkachbr01
Brandon Baddock,LW,1,0.00,0.00,0.00,baddobr01
Brandon Biro,F,1,0.00,0.00,0.00,birobr01
Brandon Carlo,D,79,0.08,0.11,0.19,carlobr01
Brandon Duhaime,RW,80,0.08,0.14,0.21,duhaibr01
Brandon Hagel,LW,77,0.32,0.25,0.57,hagelbr01
Brandon Montour,D,81,0.14,0.32,0.46,montobr01
Brandon Saad,LW,78,0.31,0.32,0.63,saadbr01
Brandon Tanev,LW,30,0.30,0.20,0.50,tanevbr01
Brayden McNabb,D,69,0.04,0.22,0.26,mcnabbr01
Brayden Pachal,D,2,0.00,0.00,0.00,pachabr01
Brayden Point,C,66,0.42,0.45,0.88,pointbr01
Brayden Schenn,C,62,0.39,0.55,0.94,schenbr01
Brayden Tracey,LW,1,0.00,0.00,0.00,tracebr01
Brendan Gallagher,RW,56,0.13,0.30,0.43,gallabr01
Brendan Gaunce,C,30,0.17,0.07,0.23,gauncbr01
Brendan Guhle,D,6,0.00,0.00,0.00,guhlebr01
Brendan Lemieux,LW,50,0.16,0.10,0.26,lemiebr01
Brendan Perlini,LW,23,0.17,0.04,0.22,perlibr01
Brendan Smith,D,45,0.09,0.09,0.18,smithbr05
Brenden Dillon,D,79,0.04,0.22,0.25,dillobr01
Brent Burns,D/RW,82,0.12,0.54,0.66,burnsbr01
Brett Connolly,RW,9,0.00,0.11,0.11,connobr01
Brett Howden,C,47,0.19,0.23,0.43,howdebr01
Brett Kulak,D,74,0.07,0.22,0.28,kulakbr01
Brett Leason,RW,36,0.08,0.08,0.17,leasobr01
Brett Murray,LW,19,0.11,0.21,0.32,murrabr02
Brett Pesce,D,70,0.10,0.30,0.40,pescebr01
Brett Ritchie,RW,41,0.07,0.02,0.10,ritchbr01
Brett Seney,LW,2,0.00,0.00,0.00,seneybr01
Brian Boyle,C,66,0.17,0.15,0.32,boylebr01
Brian Dumoulin,D,76,0.04,0.20,0.24,dumoubr01
Brian Elliott,G,19,0.00,0.00,0.00,elliobr01
Brock Boeser,RW,71,0.32,0.32,0.65,boesebr01
Brock McGinn,LW,64,0.19,0.16,0.34,mcginbr01
Brock Nelson,C,72,0.51,0.31,0.82,nelsobr01
Bryan Rust,RW,60,0.40,0.57,0.97,rustbr01
Bryce Kindopp,F,1,0.00,0.00,0.00,kindobr01
Buddy Robinson,RW,32,0.03,0.16,0.19,robinbu01
C.J. Smith,LW,1,0.00,0.00,0.00,smithcj01
C.J. Suess,LW,3,0.00,0.00,0.00,frankcl01
Cal Clutterbuck,RW,59,0.10,0.15,0.25,cluttca01
Cale Fleury,D,9,0.00,0.00,0.00,fleurca01
Cale Makar,D,77,0.36,0.75,1.12,makarca01
Caleb Jones,D,51,0.10,0.20,0.29,jonesca01
Calen Addison,D,15,0.13,0.13,0.27,addisca01
Callan Foote,D,56,0.04,0.13,0.16,footeca01
Calle Järnkrok,C,66,0.18,0.27,0.45,jarnkca01
Calle Rosén,D,18,0.11,0.28,0.39,rosenca01
Calvin de Haan,D,69,0.06,0.06,0.12,dehaaca01
Calvin Petersen,G,37,0.00,0.00,0.00,peterca01
Calvin Pickard,G,3,0.00,0.00,0.00,pickaca01
Cam Atkinson,RW,73,0.32,0.37,0.68,atkinca01
Cam Dineen,D,34,0.00,0.21,0.21,dineeca01
Cam Fowler,D,76,0.12,0.43,0.55,fowleca01
Cam Talbot,G,49,0.00,0.02,0.02,talboca01
Cameron Hillis,C,1,0.00,0.00,0.00,hillica01
Cameron York,D,30,0.10,0.23,0.33,yorkca01
Carey Price,G,5,0.00,0.00,0.00,priceca01
Carl Dahlström,D,3,0.00,0.67,0.67,dahlsca01
Carl Grundström,RW,54,0.17,0.11,0.28,grundca01
Carl Hagelin,LW,53,0.06,0.21,0.26,hagelca01
Carson Meyer,RW,13,0.08,0.15,0.23,meyerca01
Carson Soucy,D,64,0.16,0.17,0.33,soucyca01
Carter Hart,G,45,0.00,0.02,0.02,hartca01
Carter Hutton,G,3,0.00,0.00,0.00,huttoca01
Carter Rowney,RW,26,0.15,0.08,0.23,rowneca01
Carter Verhaeghe,C,78,0.31,0.40,0.71,verhaca01
Casey Cizikas,C,74,0.14,0.08,0.22,cizikca01
Casey DeSmith,G,26,0.00,0.00,0.00,desmica01
Casey Fitzgerald,D,36,0.00,0.17,0.17,fitzgca01
Casey Mittelstadt,C,40,0.15,0.33,0.48,mitteca01
Cayden Primeau,G,12,0.00,0.00,0.00,primeca01
Cédric Paquette,C,24,0.00,0.08,0.08,paquece01
Chad Ruhwedel,D,78,0.05,0.12,0.17,ruhwech01
Chandler Stephenson,C,79,0.27,0.54,0.81,stephch02
Charlie Coyle,C/RW,82,0.20,0.34,0.54,coylech01
Charlie Lindgren,G,5,0.00,0.00,0.00,lindgch01
Charlie McAvoy,D,78,0.13,0.59,0.72,mcavoch01
Chase De Leo,C,2,0.00,0.00,0.00,deleoch01
Chase Pearson,C,3,0.00,0.00,0.00,pearsch01
Chase Priskie,D,4,0.00,0.00,0.00,priskch01
Chris Driedger,G,27,0.00,0.00,0.00,driedch01
Chris Kreider,LW,81,0.64,0.31,0.95,kreidch01
Chris Tanev,D,82,0.07,0.27,0.34,tanevch01
Chris Tierney,C,70,0.09,0.17,0.26,tiernch01
Chris Wagner,C,1,0.00,0.00,0.00,wagnech01
Chris Wideman,D,64,0.06,0.36,0.42,widemch01
Christian Dvorak,C,56,0.20,0.39,0.59,dvorach01
Christian Fischer,RW,53,0.09,0.09,0.19,fischch01
Christián Jaroš,D,11,0.00,0.00,0.00,jarosch01
Christian Wolanin,D,9,0.11,0.11,0.22,wolanch01
Clark Bishop,C,9,0.00,0.11,0.11,bishocl01
Claude Giroux,C/LW,75,0.28,0.59,0.87,giroucl01
Clayton Keller,C,67,0.42,0.52,0.94,kellecl01
Cody Ceci,D,78,0.06,0.29,0.36,cecico01
Cody Eakin,C,69,0.06,0.12,0.17,eakinco01
Cody Glass,C,8,0.00,0.13,0.13,glassco01
Cole Caufield,RW,67,0.34,0.30,0.64,caufico01
Cole Perfetti,C,18,0.11,0.28,0.39,perfeco01
Cole Reinhardt,LW,1,0.00,0.00,0.00,reinhco01
Cole Schwindt,RW,3,0.00,0.00,0.00,schwico01
Cole Sillinger,C,79,0.20,0.19,0.39,sillico01
Cole Smith,F,8,0.00,0.00,0.00,smithco02
Colin Blackwell,C,58,0.17,0.17,0.34,blackco01
Colin Miller,D,38,0.05,0.32,0.37,milleco02
Colin White,C,24,0.13,0.29,0.42,whiteco02
Collin Delia,G,8,0.00,0.00,0.00,deliaco01
Colton Parayko,D,80,0.08,0.36,0.44,parayco01
Colton Sceviour,C/RW,35,0.06,0.09,0.14,scevico01
Colton Sissons,C,79,0.09,0.27,0.35,sissoco01
Colton White,D,27,0.00,0.15,0.15,whiteco03
Connor Brown,RW,64,0.16,0.45,0.61,brownco02
Connor Bunnaman,F,15,0.00,0.00,0.00,bunnaco01
Connor Clifton,D,60,0.03,0.13,0.17,cliftco01
Connor Dewar,C,35,0.06,0.11,0.17,dewarco01
Connor Hellebuyck,G,66,0.00,0.03,0.03,helleco01
Connor Ingram,G,3,0.00,0.00,0.00,ingraco01
Connor Mackey,D,3,0.00,0.33,0.33,mackeco01
Connor McDavid,C,80,0.55,0.99,1.54,mcdavco01
Connor McMichael,C,68,0.13,0.13,0.26,mcmicco01
Connor Murphy,D,57,0.07,0.11,0.18,murphco02
Conor Garland,RW,77,0.25,0.43,0.68,garlaco01
Conor Sheary,LW,71,0.27,0.34,0.61,shearco01
Conor Timmins,D,6,0.00,0.00,0.00,timmico01
Cooper Marody,C,1,0.00,1.00,1.00,marodco01
Corey Perry,RW,82,0.23,0.26,0.49,perryco01
Corey Schueneman,D,24,0.08,0.17,0.25,schueco01
Cory Schneider,G,1,0.00,0.00,0.00,schneco01
Craig Anderson,G,31,0.00,0.03,0.03,andercr01
Craig Smith,C,74,0.22,0.27,0.49,smithcr01
Curtis Lazar,C/RW,70,0.11,0.11,0.23,lazarcu01
Dakota Joshua,C,30,0.10,0.17,0.27,joshuda01
Dakota Mermis,D,2,0.00,0.00,0.00,mermida01
Damon Severson,D,80,0.14,0.44,0.58,severda01
Dan Renouf,D,4,0.00,0.00,0.00,renouda01
Daniel Sprong,RW,63,0.22,0.10,0.32,spronda01
Daniel Vladař,G,23,0.00,0.04,0.04,vladada01
Daniil Miromanov,D/RW,11,0.00,0.09,0.09,miromda01
Daniil Tarasov,G,4,0.00,0.00,0.00,tarasda02
Danny DeKeyser,D,59,0.00,0.19,0.19,dekeyda01
Danny O'Regan,C,5,0.00,0.20,0.20,oregada01
Dante Fabbro,D,66,0.05,0.32,0.36,fabbrda01
Danton Heinen,C/LW,76,0.24,0.20,0.43,heineda01
Darcy Kuemper,G,57,0.00,0.00,0.00,kuempda01
Darnell Nurse,D,71,0.13,0.37,0.49,nurseda01
Darren Helm,C/LW,68,0.10,0.12,0.22,helmda01
Darren Raddysh,D,4,0.00,0.00,0.00,raddyda01
David Gustafsson,C,2,0.00,0.00,0.00,gustada01
David Kämpf,C,82,0.13,0.18,0.32,kampfda01
David Pastrňák,RW,72,0.56,0.51,1.07,pastrda01
David Perron,LW,67,0.40,0.45,0.85,perroda01
David Rittich,G,17,0.00,0.00,0.00,rittida01
David Savard,D,62,0.05,0.23,0.27,savarda01
Dawson Mercer,C,82,0.21,0.30,0.51,merceda01
Dean Kukan,D,41,0.07,0.20,0.27,kukande01
Declan Chisholm,D,2,0.00,0.00,0.00,chishde01
Denis Gurianov,RW,73,0.15,0.27,0.42,guriade01
Dennis Cholowski,D,11,0.00,0.27,0.27,cholode01
Derek Forbort,D,76,0.05,0.13,0.18,forbode01
Derek Grant,C,71,0.21,0.20,0.41,grantde01
Derek Ryan,C,75,0.13,0.16,0.29,ryande01
Derek Stepan,C,58,0.16,0.17,0.33,stepade01
Derick Brassard,C,46,0.17,0.24,0.41,brassde01
Derrick Pouliot,D,11,0.00,0.36,0.36,poulide01
Devin Shore,C,49,0.10,0.12,0.22,shorede01
Devon Toews,D,66,0.20,0.67,0.86,toewsde01
Dillon Dubé,C,79,0.23,0.18,0.41,dubedi01
Dillon Heatherington,D,9,0.00,0.00,0.00,heathdi01
Dmitri Samorukov,D,1,0.00,0.00,0.00,samordm01
Dmitrij Jaškin,RW,12,0.00,0.08,0.08,jaskidm01
Dmitry Kulikov,D,80,0.09,0.21,0.30,kulikdm01
Dmitry Orlov,D,76,0.16,0.30,0.46,orlovdm01
Dominic Toninato,C,77,0.09,0.09,0.18,tonindo01
Dominik Kubalík,LW,78,0.19,0.22,0.41,kubaldo01
Dominik Simon,C,72,0.04,0.14,0.18,simondo01
Dougie Hamilton,D,62,0.15,0.34,0.48,hamildo01
Drake Batherson,C,46,0.37,0.59,0.96,bathedr01
Drake Caggiula,LW,18,0.11,0.17,0.28,caggidr01
Drew Doughty,D,39,0.18,0.62,0.79,doughdr01
Drew O'Connor,F,22,0.14,0.09,0.23,oconndr01
Dryden Hunt,LW,76,0.08,0.14,0.22,huntdr01
Duncan Keith,D,64,0.02,0.31,0.33,keithdu01
Dustin Brown,RW,64,0.14,0.30,0.44,browndu01
Dustin Tokarski,G,29,0.00,0.00,0.00,tokardu01
Dylan Coghlan,D,59,0.05,0.17,0.22,coghldy01
Dylan Cozens,C,79,0.16,0.32,0.48,cozendy01
Dylan DeMelo,D,76,0.01,0.16,0.17,demeldy01
Dylan Gambrell,C,63,0.05,0.06,0.11,gambrdy01
Dylan Larkin,C,71,0.44,0.54,0.97,larkidy01
Dylan Samberg,D,15,0.00,0.33,0.33,sambedy01
Dylan Sikura,C,5,0.00,0.20,0.20,sikurdy01
Dylan Strome,C,69,0.32,0.38,0.70,stromdy01
Dysin Mayo,D,67,0.06,0.12,0.18,mayody01
Eeli Tolvanen,RW,75,0.15,0.16,0.31,tolvaee01
Eetu Luostarinen,C,78,0.12,0.22,0.33,luostee01
Egor Sokolov,F,8,0.00,0.00,0.00,sokoleg01
Elias Lindholm,C,82,0.51,0.49,1.00,lindhel01
Elias Pettersson,C,80,0.40,0.45,0.85,petteel01
Elvis Merzļikins,G,59,0.00,0.03,0.03,merzlel01
Emil Bemström,C,41,0.15,0.12,0.27,bemstem01
Eric Comrie,G,19,0.00,0.05,0.05,comrier01
Eric Robinson,LW,67,0.15,0.25,0.40,robiner01
Erik Brännström,D,53,0.00,0.26,0.26,branner01
Erik Černák,D,55,0.02,0.22,0.24,cernaer01
Erik Gudbranson,D,78,0.08,0.14,0.22,gudbrer01
Erik Gustafsson,D,59,0.05,0.25,0.31,gustaer02
Erik Haula,LW,78,0.23,0.33,0.56,haulaer01
Erik Johnson,D,77,0.10,0.22,0.32,johnser01
Erik Källgren,G,14,0.00,0.00,0.00,kallger01
Erik Karlsson,D,50,0.20,0.50,0.70,karlser01
Esa Lindell,D,76,0.05,0.28,0.33,lindees01
Ethan Bear,D,58,0.09,0.16,0.24,bearet01
Ethan Prow,D,4,0.25,0.00,0.25,prowet01
Evan Bouchard,D,81,0.15,0.38,0.53,bouchev01
Evan Rodrigues,C,82,0.23,0.29,0.52,rodriev01
Evander Kane,LW,43,0.51,0.40,0.91,kaneev01
Evgeni Malkin,C,41,0.49,0.54,1.02,malkiev01
Evgenii Dadonov,RW,78,0.26,0.29,0.55,dadonev01
Evgeny Kuznetsov,C,79,0.30,0.68,0.99,kuzneev01
Evgeny Svechnikov,LW,72,0.10,0.17,0.26,svechev01
Fabian Zetterlund,W,14,0.21,0.36,0.57,zettefa01
Felix Sandström,G,5,0.00,0.00,0.00,sandsfe01
Filip Chytil,C,67,0.12,0.21,0.33,chytifi01
Filip Forsberg,C,69,0.61,0.61,1.22,forsbfi01
Filip Gustavsson,G,18,0.00,0.00,0.00,gustafi01
Filip Hallander,C,1,0.00,0.00,0.00,hallafi01
Filip Hronek,D,78,0.06,0.42,0.49,hronefi01
Filip Zadina,RW,74,0.14,0.19,0.32,zadinfi01
Frank Vatrano,LW,71,0.25,0.20,0.45,vatrafr01
Frédérick Gaudreau,C,76,0.18,0.39,0.58,gaudrfr01
Frederik Andersen,G,52,0.00,0.08,0.08,anderfr01
Frederik Gauthier,C,8,0.00,0.00,0.00,gauthfr01
Fredrik Claesson,D,9,0.00,0.00,0.00,claesfr01
Fredrik Karlström,C,3,0.00,0.33,0.33,karlsfr01
Gabriel Carlsson,D,38,0.05,0.18,0.24,carlsga01
Gabriel Fortier,LW,10,0.10,0.00,0.10,fortiga01
Gabriel Landeskog,LW,51,0.59,0.57,1.16,landega01
Gabriel Vilardi,C,25,0.20,0.08,0.28,vilarga01
Garnet Hathaway,RW,76,0.18,0.16,0.34,hathaga01
Garret Sparks,G,2,0.00,0.00,0.00,sparkga01
Garrett Pilon,C,2,0.50,0.00,0.50,pilonga01
Gavin Bayreuther,D,43,0.00,0.19,0.19,bayrega01
Gemel Smith,C,3,0.00,0.33,0.33,smithge02
Gerald Mayhew,F,40,0.28,0.03,0.30,mayhege01
Givani Smith,RW,46,0.09,0.07,0.15,smithgi01
Glenn Gawdin,C,2,0.00,0.00,0.00,gawdigl01
Grant Hutton,D,16,0.06,0.00,0.06,huttogr01
Greg McKegg,C,43,0.05,0.07,0.12,mckeggr01
Greg Pateryn,D,10,0.10,0.10,0.20,patergr01
Gregory Hofmann,C,24,0.08,0.21,0.29,hofmagr01
Grigori Denisenko,LW,1,0.00,0.00,0.00,denisgr01
Guillaume Brisebois,D,1,0.00,0.00,0.00,brisegu01
Gustav Forsling,D,71,0.14,0.38,0.52,forslgu02
Gustav Lindström,D,63,0.02,0.19,0.21,lindsgu01
Gustav Nyquist,RW,82,0.22,0.43,0.65,nyquigu01
Hampus Lindholm,D,71,0.07,0.31,0.38,lindhha01
Harri Säteri,G,6,0.00,0.00,0.00,saterha01
Hayden Hodgson,RW,6,0.17,0.33,0.50,hodgsha01
Haydn Fleury,D,36,0.06,0.06,0.11,fleurha01
Hendrix Lapierre,C,6,0.17,0.00,0.17,lapiehe01
Henri Jokiharju,D,60,0.05,0.27,0.32,jokihhe01
Henrik Borgström,C,52,0.08,0.06,0.13,borgshe01
Hudson Fasching,RW,11,0.00,0.00,0.00,faschhu01
Hugo Alnefelt,G,1,0.00,0.00,0.00,alnefhu01
Hunter Drew,D,2,0.00,0.00,0.00,drewhu01
Ian Cole,D,75,0.03,0.23,0.25,coleia01
Ian Mitchell,D,8,0.00,0.13,0.13,mitchia01
Igor Shesterkin,G,53,0.00,0.02,0.02,shestig01
Ilya Lyubushkin,D,77,0.03,0.17,0.19,lyubuil01
Ilya Mikheyev,F,53,0.40,0.21,0.60,mikheil01
Ilya Samsonov,G,44,0.00,0.00,0.00,samsoil01
Ilya Sorokin,G,52,0.00,0.00,0.00,sorokil01
Isaac Ratcliffe,LW,10,0.10,0.30,0.40,ratclis01
Isaak Phillips,D,4,0.00,0.00,0.00,phillis01
Isac Lundeström,C,80,0.20,0.16,0.36,lundeis01
Ivan Barbashev,C,81,0.32,0.42,0.74,barbaiv01
Ivan Prosvetov,G,3,0.00,0.00,0.00,prosviv01
Ivan Provorov,D,79,0.11,0.28,0.39,provoiv01
J.J. Moser,D,43,0.09,0.26,0.35,moserja01
J.T. Compher,LW,70,0.26,0.21,0.47,comphj.01
J.T. Miller,C,80,0.40,0.84,1.24,millejt01
Jaccob Slavin,D,79,0.05,0.48,0.53,slavija01
Jack Ahcan,D,6,0.17,0.00,0.17,ahcanja01
Jack Campbell,G,49,0.00,0.02,0.02,campbja01
Jack Drury,C,2,1.00,0.00,1.00,druryja01
Jack Eichel,C,34,0.41,0.32,0.74,eicheja01
Jack Hughes,C,49,0.53,0.61,1.14,hugheja03
Jack Johnson,D,74,0.01,0.11,0.12,johnsja02
Jack LaFontaine,G,2,0.00,0.00,0.00,lafonja01
Jack McBain,C,10,0.20,0.10,0.30,mcbaija03
Jack Quinn,RW,2,0.50,0.50,1.00,quinnja01
Jack Rathbone,D,9,0.00,0.00,0.00,rathbja01
Jack Roslovic,C,81,0.27,0.28,0.56,rosloja01
Jack Studnicka,C,15,0.00,0.20,0.20,studnja01
Jackson Cates,C,11,0.09,0.00,0.09,catesja01
Jacob Bernard-Docker,D,8,0.00,0.13,0.13,bernaja01
Jacob Bryson,D,73,0.01,0.12,0.14,brysoja01
Jacob Larsson,D,6,0.00,0.17,0.17,larssja01
Jacob MacDonald,D,8,0.00,0.00,0.00,macdoja02
Jacob Markström,G,63,0.00,0.05,0.05,marksja02
Jacob Middleton,D,66,0.06,0.15,0.21,middlja01
Jacob Moverare,D,19,0.00,0.11,0.11,moverja01
Jacob Perreault,RW,1,0.00,0.00,0.00,perreja01
Jacob Peterson,C,65,0.18,0.08,0.26,peterja01
Jacob Trouba,D,81,0.14,0.35,0.48,troubja01
Jaden Schwartz,C,37,0.22,0.41,0.62,schwaja01
Jake Allen,G,35,0.00,0.00,0.00,allenja01
Jake Bean,D,67,0.10,0.27,0.37,beanja01
Jake Christiansen,D,8,0.13,0.00,0.13,chrisja01
Jake DeBrusk,LW,77,0.32,0.22,0.55,debruja01
Jake Evans,C/RW,72,0.18,0.22,0.40,evansja02
Jake Guentzel,C,76,0.53,0.58,1.11,guentja01
Jake Leschyshyn,C,41,0.05,0.10,0.15,leschja01
Jake McCabe,D,75,0.05,0.24,0.29,mccabja01
Jake Muzzin,D,47,0.06,0.23,0.30,muzzija01
Jake Neighbours,LW,9,0.11,0.11,0.22,neighja01
Jake Oettinger,G,48,0.00,0.04,0.04,oettija01
Jake Walman,D,51,0.06,0.14,0.20,walmaja01
Jakob Chychrun,D,47,0.15,0.30,0.45,chychja01
Jakob Silfverberg,LW,53,0.09,0.30,0.40,silfvja01
Jakub Galvas,D,6,0.00,0.00,0.00,galvaja01
Jakub Voráček,RW,79,0.08,0.71,0.78,voracja01
Jakub Vrána,LW,26,0.50,0.23,0.73,vranaja01
Jakub Zbořil,D,10,0.00,0.30,0.30,zborija01
Jalen Chatfield,D,16,0.00,0.19,0.19,chatfja01
James Neal,LW,19,0.11,0.11,0.21,nealja01
James Reimer,G,48,0.00,0.00,0.00,reimeja01
James van Riemsdyk,LW,82,0.29,0.17,0.46,vanrija01
Jamie Benn,LW,82,0.22,0.34,0.56,bennja01
Jamie Drysdale,D,81,0.05,0.35,0.40,drysdja01
Jamie Oleksiak,D,72,0.01,0.22,0.24,oleksja01
Jan Jeník,RW,13,0.15,0.08,0.23,jenikja01
Jan Rutta,D,76,0.04,0.20,0.24,ruttaja02
Jani Hakanpää,D,80,0.05,0.10,0.15,hakanja01
Janne Kuokkanen,C/LW,57,0.11,0.19,0.30,kuokkja01
Jansen Harkins,C,77,0.09,0.08,0.17,harkija01
Jared McCann,C,74,0.36,0.31,0.68,mccanja01
Jared Spurgeon,D,65,0.15,0.46,0.62,spurgja01
Jaret Anderson-Dolan,C,7,0.00,0.00,0.00,anderja01
Jaroslav Halák,G,17,0.00,0.00,0.00,halakja01
Jarred Tinordi,D,7,0.14,0.00,0.14,tinorja01
Jason Dickinson,C,62,0.08,0.10,0.18,dickija01
Jason Robertson,LW,74,0.55,0.51,1.07,roberja01
Jason Spezza,C,71,0.17,0.18,0.35,spezzja01
Jason Zucker,LW,41,0.20,0.22,0.41,zuckeja01
Jasper Weatherby,C,50,0.10,0.12,0.22,weathja01
Jay Beagle,RW/C,33,0.03,0.03,0.06,beaglja01
Jaycob Megna,D,44,0.05,0.14,0.18,megnaja02
Jayden Halbgewachs,F,3,0.00,0.33,0.33,halbgja01
Jayson Megna,C,20,0.00,0.15,0.15,megnaja01
Jean-François Bérubé,G,6,0.00,0.17,0.17,berubje02
Jean-Gabriel Pageau,C,77,0.23,0.27,0.51,pageaje01
Jeff Carter,C,76,0.25,0.34,0.59,carteje01
Jeff Malott,F,1,0.00,0.00,0.00,malotje01
Jeff Petry,D,68,0.09,0.31,0.40,petryje01
Jeff Skinner,LW/C,80,0.41,0.38,0.79,skinnje01
Jeffrey Viel,F,34,0.09,0.06,0.15,vielje01
Jeremy Davies,D,6,0.00,0.33,0.33,davieje01
Jeremy Lauzon,D,66,0.03,0.08,0.11,lauzoje01
Jeremy Swayman,G,41,0.00,0.00,0.00,swaymje01
Jesper Boqvist,C,56,0.18,0.23,0.41,boqvije01
Jesper Bratt,W,76,0.34,0.62,0.96,brattje01
Jesper Fast,RW,82,0.17,0.24,0.41,fastje01
Jesper Frödén,F,7,0.14,0.00,0.14,frodeje01
Jesperi Kotkaniemi,C,66,0.18,0.26,0.44,kotkaje01
Jesse Puljujärvi,RW,65,0.22,0.34,0.55,puljuje01
Jesse Ylönen,RW,14,0.14,0.21,0.36,yloneje01
Jimmy Vesey,LW,68,0.12,0.10,0.22,veseyji02
Joe Pavelski,C,82,0.33,0.66,0.99,paveljo01
Joe Snively,F,12,0.33,0.25,0.58,snivejo01
Joe Thornton,C,34,0.15,0.15,0.29,thornjo01
Joe Veleno,C,66,0.12,0.11,0.23,velenjo01
Joel Armia,RW,60,0.10,0.13,0.23,armiajo01
Joel Edmundson,D,24,0.13,0.13,0.25,edmunjo01
Joel Eriksson Ek,C,77,0.34,0.30,0.64,eriksjo02
Joel Farabee,LW,63,0.27,0.27,0.54,farabjo01
Joel Hanley,D,44,0.05,0.09,0.14,hanlejo01
Joel Hofer,G,2,0.00,0.50,0.50,hoferjo01
Joel Kiviranta,F,56,0.02,0.11,0.13,kivirjo01
Joey Anderson,RW,5,0.00,0.00,0.00,anderjo08
Joey Daccord,G,5,0.00,0.00,0.00,daccojo01
Joey Keane,D,1,0.00,0.00,0.00,keanejo01
Johan Larsson,LW/C,43,0.16,0.33,0.49,larssjo02
John Carlson,D,78,0.22,0.69,0.91,carlsjo01
John Gibson,G,56,0.00,0.02,0.02,gibsojo02
John Hayden,C,55,0.04,0.04,0.07,haydejo01
John Klingberg,D,74,0.08,0.55,0.64,klingjo01
John Leonard,LW,14,0.07,0.07,0.14,leonajo01
John Marino,D,81,0.01,0.30,0.31,marinjo01
John Moore,D,7,0.00,0.14,0.14,moorejo01
John Tavares,C,79,0.34,0.62,0.96,tavarjo01
John-Jason Peterka,RW,2,0.00,0.00,0.00,peterjo01
Johnathan Kovacevic,D,4,0.00,0.00,0.00,kovacjo01
Johnny Gaudreau,LW,82,0.49,0.91,1.40,gaudrjo01
Jon Gillies,G,20,0.00,0.05,0.05,gillijo01
Jon Lizotte,D,1,0.00,0.00,0.00,lizotjo01
Jonah Gadjovich,LW,43,0.02,0.05,0.07,gadjojo01
Jonas Brodin,D,73,0.07,0.34,0.41,brodijo01
Jonas Johansson,G,11,0.00,0.00,0.00,johanjo03
Jonas Røndbjerg,RW,30,0.07,0.13,0.20,rondbjo01
Jonas Siegenthaler,D,70,0.01,0.19,0.20,siegejo01
Jonathan Bernier,G,10,0.00,0.00,0.00,bernijo01
Jonathan Dahlén,C,61,0.20,0.16,0.36,dahlejo01
Jonathan Drouin,LW,34,0.18,0.41,0.59,drouijo01
Jonathan Huberdeau,LW,80,0.38,1.06,1.44,huberjo01
Jonathan Marchessault,C,76,0.39,0.47,0.87,audymjo01
Jonathan Quick,G,46,0.00,0.02,0.02,quickjo01
Jonathan Toews,C,71,0.17,0.35,0.52,toewsjo01
Jonathon Merrill,D,69,0.06,0.23,0.29,merrijo01
Jonny Brodzinski,C,22,0.05,0.05,0.09,brodzjo01
Joonas Donskoi,RW,75,0.03,0.27,0.29,donskjo01
Joonas Korpisalo,G,22,0.00,0.00,0.00,korpijo01
Jordan Binnington,G,37,0.00,0.00,0.00,binnijo01
Jordan Eberle,RW,79,0.27,0.29,0.56,eberljo01
Jordan Greenway,LW,62,0.16,0.27,0.44,greenjo02
Jordan Gross,D,1,0.00,0.00,0.00,grossjo01
Jordan Harris,D,10,0.10,0.00,0.10,harrijo01
Jordan Kyrou,C,74,0.36,0.65,1.01,kyroujo01
Jordan Martinook,LW,59,0.10,0.15,0.25,martijo01
Jordan Oesterle,D,45,0.04,0.13,0.18,oestejo01
Jordan Spence,D,24,0.08,0.25,0.33,spencjo01
Jordan Staal,C,78,0.22,0.24,0.46,staaljo01
Jordie Benn,D,39,0.03,0.18,0.21,bennjo01
Josef Kořenář,G,2,0.00,0.00,0.00,korenjo01
Joseph Cramarossa,C,1,0.00,1.00,1.00,cramajo01
Joseph Woll,G,4,0.00,0.00,0.00,wolljo01
Josh Anderson,RW,69,0.28,0.19,0.46,anderjo05
Josh Archibald,RW,8,0.00,0.13,0.13,archijo01
Josh Bailey,C,74,0.19,0.41,0.59,bailejo01
Josh Brown,D,52,0.00,0.12,0.12,brownjo01
Josh Leivo,LW,7,0.14,0.29,0.43,leivojo01
Josh Mahura,D,38,0.08,0.11,0.18,mahurjo01
Josh Manson,D,67,0.09,0.15,0.24,mansojo01
Josh Morrissey,D,79,0.15,0.32,0.47,morrijo04
Joshua Norris,C,66,0.53,0.30,0.83,norrijo01
Josiah Slavin,LW,15,0.00,0.07,0.07,slavijo01
Juho Lammikko,RW,75,0.09,0.11,0.20,lammiju01
Jujhar Khaira,LW,27,0.11,0.00,0.11,khairju01
Julien Gauthier,RW,49,0.06,0.08,0.14,gauthju01
Justin Bailey,RW,14,0.00,0.00,0.00,baileju01
Justin Barron,D,7,0.14,0.14,0.29,barroju01
Justin Braun,D,69,0.09,0.17,0.26,braunju01
Justin Danforth,RW/C,45,0.22,0.09,0.31,danfoju01
Justin Dowling,C,22,0.09,0.09,0.18,dowliju01
Justin Faulk,D,76,0.21,0.41,0.62,faulkju01
Justin Holl,D,69,0.04,0.29,0.33,hollju01
Justin Schultz,D,74,0.05,0.26,0.31,schulju01
Justus Annunen,G,2,0.00,0.50,0.50,annunju01
Juuse Saros,G,67,0.00,0.00,0.00,sarosju01
Juuso Riikola,D,5,0.00,0.20,0.20,riikoju01
Juuso Välimäki,D,9,0.00,0.22,0.22,valimju01
K'Andre Miller,D,82,0.09,0.16,0.24,milleka01
Kaapo Kähkönen,G,36,0.00,0.03,0.03,kahkoka01
Kaapo Kakko,RW,43,0.16,0.26,0.42,kakkoka01
Kaedan Korczak,D,1,0.00,0.00,0.00,korczka01
Kailer Yamamoto,RW,81,0.25,0.26,0.51,yamamka01
Kale Clague,D,36,0.06,0.22,0.28,claguka01
Karel Vejmelka,G,52,0.00,0.00,0.00,vejmeka01
Karson Kuhlman,C,44,0.07,0.16,0.23,kuhlmka01
Kasper Björkqvist,RW,6,0.17,0.00,0.17,bjorkka01
Kasperi Kapanen,RW,79,0.14,0.27,0.41,kapanka01
Keegan Kolesar,RW,77,0.09,0.22,0.31,koleske01
Keith Kinkaid,G,1,0.00,0.00,0.00,kinkake01
Keith Yandle,D,77,0.01,0.23,0.25,yandlke01
Kent Johnson,C,9,0.00,0.33,0.33,johnske01
Kevin Bahl,D,17,0.06,0.18,0.24,bahlke01
Kevin Connauton,D,39,0.03,0.05,0.08,connake01
Kevin Fiala,LW,82,0.40,0.63,1.04,fialake01
Kevin Hayes,RW,48,0.21,0.44,0.65,hayeske01
Kevin Labanc,RW,21,0.14,0.14,0.29,labanke01
Kevin Lankinen,G,32,0.00,0.03,0.03,lankike01
Kevin Rooney,C,61,0.10,0.10,0.20,rooneke01
Kevin Shattenkirk,D,82,0.10,0.33,0.43,shattke01
Kevin Stenlund,C,3,0.00,0.00,0.00,stenlke01
Kiefer Sherwood,RW,11,0.09,0.09,0.18,sherwki01
Kieffer Bellows,LW,45,0.13,0.29,0.42,belloki01
Kirby Dach,C,70,0.13,0.24,0.37,dachki01
Kirill Kaprizov,LW,81,0.58,0.75,1.33,kapriki01
Kirill Semyonov,C,3,0.00,0.00,0.00,semyoki01
Klim Kostin,C/LW,40,0.10,0.13,0.23,kostikl01
Kole Lind,RW,23,0.09,0.26,0.35,lindko01
Kole Sherwood,RW,1,0.00,0.00,0.00,sherwko01
Kris Letang,D,78,0.13,0.74,0.87,letankr01
Kris Russell,D,31,0.06,0.23,0.29,russekr01
Kristian Reichel,F,13,0.08,0.08,0.15,reichkr01
Kristian Vesalainen,W,53,0.04,0.02,0.06,vesalkr01
Kristiāns Rubīns,D,3,0.00,0.00,0.00,rubinkr01
Kurtis Gabriel,RW,2,0.00,0.00,0.00,gabriku01
Kurtis MacDermid,D,58,0.03,0.05,0.09,macdeku01
Kyle Burroughs,D,42,0.02,0.10,0.12,burroky01
Kyle Capobianco,D,45,0.04,0.16,0.20,capobky01
Kyle Clifford,LW,25,0.04,0.12,0.16,cliffky01
Kyle Connor,LW,79,0.59,0.58,1.18,connoky01
Kyle Criscuolo,C,6,0.00,0.33,0.33,criscky01
Kyle Okposo,RW,74,0.28,0.32,0.61,okposky01
Kyle Palmieri,RW,69,0.22,0.26,0.48,palmiky01
Kyle Rau,C,5,0.00,0.00,0.00,rauky01
Kyle Turris,C,23,0.04,0.13,0.17,turriky01
Lane Pederson,F,29,0.00,0.07,0.07,pederla01
Lars Eller,C,72,0.18,0.25,0.43,ellerla01
Lassi Thomson,D,16,0.00,0.31,0.31,thomsla01
Laurent Brossoit,G,24,0.00,0.00,0.00,brossla01
Laurent Dauphin,C,38,0.11,0.21,0.32,dauphla01
Lawson Crouse,LW,65,0.31,0.22,0.52,crousla01
Leo Komarov,C,1,0.00,0.00,0.00,komarle01
Leon Draisaitl,C,80,0.69,0.69,1.38,draisle01
Liam Foudy,C,1,0.00,0.00,0.00,foudyli01
Liam O'Brien,C,39,0.05,0.03,0.08,obrieli01
Lias Andersson,C,20,0.05,0.05,0.10,anderli01
Libor Hájek,D,17,0.00,0.06,0.06,hajekli01
Linus Högberg,D,5,0.00,0.40,0.40,hogbeli01
Linus Sandin,F,1,0.00,0.00,0.00,sandili01
Linus Ullmark,G,41,0.00,0.02,0.02,ullmali01
Logan Brown,C,39,0.10,0.18,0.28,brownlo01
Logan Couture,C,77,0.30,0.43,0.73,coutulo01
Logan O'Connor,RW,81,0.10,0.20,0.30,oconnlo01
Logan Shaw,RW,17,0.06,0.12,0.18,shawlo01
Logan Stanley,D,58,0.02,0.21,0.22,stanllo01
Logan Thompson,G,19,0.00,0.00,0.00,thomplo01
Loui Eriksson,LW,73,0.04,0.22,0.26,erikslo01
Louis Domingue,G,2,0.00,0.00,0.00,dominlo01
Lucas Carlsson,D,40,0.08,0.15,0.23,carlslu01
Lucas Johansen,D,1,0.00,1.00,1.00,johanlu01
Lucas Raymond,LW,82,0.28,0.41,0.70,raymolu01
Lukáš Dostál,G,4,0.00,0.00,0.00,dostalu01
Lukas Reichel,LW,11,0.00,0.09,0.09,reichlu01
Lukas Vejdemo,C,6,0.17,0.00,0.17,vejdelu01
Luke Glendening,C,82,0.11,0.09,0.20,glendlu01
Luke Kunin,C,82,0.16,0.11,0.27,kuninlu01
Luke Schenn,D,66,0.08,0.18,0.26,schenlu01
Luke Witkowski,D,1,0.00,0.00,0.00,witkolu01
Mackenzie Blackwood,G,25,0.00,0.00,0.00,blackma01
Mackenzie Entwistle,RW,55,0.09,0.13,0.22,entwima01
Mackenzie MacEachern,LW,14,0.00,0.14,0.14,maceama01
MacKenzie Weegar,D,80,0.10,0.45,0.55,weegama01
Madison Bowey,D,2,0.00,0.00,0.00,boweyma01
Mads Søgaard,G,2,0.00,0.00,0.00,sogaama01
Magnus Hellberg,G,1,0.00,0.00,0.00,hellbma01
Malcolm Subban,G,4,0.00,0.00,0.00,subbama01
Marc McLaughlin,F,11,0.27,0.00,0.27,mclauma01
Marc Staal,D,71,0.04,0.18,0.23,staalma01
Marc-André Fleury,G,56,0.00,0.04,0.04,fleurma01
Marc-Édouard Vlasic,D,75,0.04,0.15,0.19,vlasima01
Marco Rossi,C,2,0.00,0.00,0.00,rossima01
Marco Scandella,D,70,0.04,0.16,0.20,scandma01
Marcus Foligno,LW,74,0.31,0.26,0.57,foligma01
Marcus Johansson,C/W,69,0.13,0.29,0.42,johanma03
Marcus Pettersson,D,72,0.03,0.24,0.26,pettema01
Marián Studenič,RW,33,0.06,0.06,0.12,studema01
Mario Ferraro,D,63,0.03,0.19,0.22,ferrama01
Mark Borowiecki,D,57,0.00,0.07,0.07,borowma01
Mark Friedman,D,26,0.04,0.15,0.19,friedma01
Mark Giordano,D,75,0.11,0.36,0.47,giordma01
Mark Jankowski,C,19,0.11,0.16,0.26,jankoma01
Mark Kastelic,C,16,0.13,0.13,0.25,kastema01
Mark Pysyk,D,68,0.04,0.13,0.18,pysykma01
Mark Scheifele,C,67,0.43,0.61,1.04,scheima01
Mark Stone,RW,37,0.24,0.57,0.81,stonema01
Markus Niemeläinen,D,20,0.00,0.05,0.05,niemema01
Markus Nutivaara,D,1,0.00,1.00,1.00,nutivma01
Martin Fehérváry,D,79,0.10,0.11,0.22,feherma01
Martin Frk,RW,6,0.33,0.00,0.33,frkma01
Martin Jones,G,35,0.00,0.00,0.00,jonesma02
Martin Kaut,RW,6,0.00,0.00,0.00,kautma01
Martin Nečas,C,78,0.18,0.33,0.51,necasma01
Mason Appleton,C,68,0.12,0.19,0.31,applema01
Mason Geertsen,D,25,0.00,0.00,0.00,geertma01
Mason Marchment,F,54,0.33,0.54,0.87,marchma01
Mason McTavish,C,9,0.22,0.11,0.33,mctavma01
Mason Shaw,C,3,0.00,0.00,0.00,shawma01
Mathew Barzal,C,73,0.21,0.60,0.81,barzama01
Mathew Dumba,D,57,0.12,0.35,0.47,dumbama01
Mathieu Joseph,RW,69,0.17,0.26,0.43,josepma01
Mathieu Olivier,F,10,0.00,0.10,0.10,olivima01
Mathieu Perreault,C,25,0.16,0.20,0.36,perrema01
Matias Maccelli,LW,23,0.04,0.22,0.26,maccema01
Mats Zuccarello,LW,70,0.34,0.79,1.13,zuccama01
Matt Benning,D,65,0.00,0.17,0.17,bennima01
Matt Boldy,LW,47,0.32,0.51,0.83,boldyma01
Matt Duchene,C,78,0.55,0.55,1.10,duchema01
Matt Grzelcyk,D,73,0.05,0.27,0.33,grzelma01
Matt Irwin,D,17,0.06,0.18,0.24,irwinma01
Matt Kiersted,D,10,0.10,0.10,0.20,kiersma01
Matt Luff,RW,23,0.13,0.13,0.26,luffma01
Matt Martin,LW,71,0.04,0.06,0.10,martima02
Matt Murray,G,20,0.00,0.00,0.00,murrama02
Matt Roy,D,67,0.03,0.28,0.31,royma04
Matt Tennyson,D,8,0.00,0.38,0.38,tennyma01
Matthew Beniers,C,10,0.30,0.60,0.90,beniema01
Matthew Highmore,LW,46,0.11,0.15,0.26,highmma01
Matthew Nieto,LW,70,0.09,0.16,0.24,nietoma01
Matthew Peca,C,5,0.00,0.20,0.20,pecama01
Matthew Tkachuk,RW,82,0.51,0.76,1.27,tkachma01
Mattias Ekholm,D,76,0.08,0.33,0.41,ekholma01
Mattias Janmark,C,67,0.13,0.24,0.37,janmama02
Mattias Norlinder,D,6,0.00,0.17,0.17,norlima01
Mattias Samuelsson,D,42,0.00,0.24,0.24,samuema02
Max Comtois,LW,52,0.12,0.19,0.31,comtoma01
Max Domi,LW,72,0.15,0.39,0.54,domima01
Max Jones,LW,2,0.00,0.00,0.00,jonesma03
Max McCormick,LW,10,0.00,0.00,0.00,mccorma01
Max Pacioretty,LW,39,0.49,0.46,0.95,pacioma01
Maxim Mamin,C/RW,40,0.18,0.18,0.35,maminma01
Maxime Lagace,G,2,0.00,0.00,0.00,lagacma01
Maxime Lajoie,D,5,0.00,0.00,0.00,lajoima01
Maxwell Willman,C,41,0.10,0.05,0.15,willmma01
Michael Amadio,C,56,0.20,0.13,0.32,amadimi01
Michael Anderson,D,57,0.04,0.11,0.14,andermi02
Michael Bunting,LW,79,0.29,0.51,0.80,buntimi01
Michael Carcone,F,21,0.19,0.10,0.29,carcomi01
Michael Dal Colle,LW,1,0.00,0.00,0.00,dalcomi01
Michael Del Zotto,D,26,0.12,0.38,0.50,delzomi01
Michael Dipietro,G,1,0.00,0.00,0.00,dipiemi01
Michael Eyssimont,C,1,0.00,0.00,0.00,eyssimi01
Michael Houser,G,2,0.00,0.00,0.00,housemi01
Michael Hutchinson,G,2,0.00,0.00,0.00,hutchmi01
Michael McCarron,RW,51,0.14,0.14,0.27,mccarmi01
Michael McLeod,C,77,0.08,0.18,0.26,mcleomi01
Michael McNiven,G,1,0.00,0.00,0.00,mcnivmi01
Michael Pezzetta,C,51,0.10,0.12,0.22,pezzemi01
Michael Raffl,LW,76,0.09,0.12,0.21,rafflmi01
Michael Rasmussen,C,80,0.19,0.15,0.34,rasmumi01
Michael Sgarbossa,C,10,0.20,0.20,0.40,sgarbmi01
Michael Stone,D,11,0.18,0.36,0.55,stonemi01
Michal Kempný,D,15,0.07,0.07,0.13,kempnmi01
Mika Zibanejad,C,81,0.36,0.64,1.00,zibanmi01
Mikael Backlund,C,82,0.15,0.33,0.48,backlmi01
Mikael Granlund,C,80,0.14,0.66,0.80,granlmi01
Mike Hardman,RW,21,0.00,0.10,0.10,hardmmi01
Mike Hoffman,C/LW,67,0.22,0.30,0.52,hoffmmi02
Mike Matheson,D,74,0.15,0.27,0.42,mathemi01
Mike Reilly,D,70,0.06,0.19,0.24,reillmi01
Mike Smith,G,28,0.00,0.04,0.04,smithmi01
Mike Vecchione,RW,1,0.00,0.00,0.00,vecchmi01
Mikhail Maltsev,LW,18,0.00,0.00,0.00,maltsmi01
Mikhail Sergachev,D,78,0.09,0.40,0.49,sergami01
Mikko Koskinen,G,45,0.00,0.00,0.00,koskimi01
Mikko Rantanen,RW,75,0.48,0.75,1.23,rantami01
Milan Lucic,LW,82,0.12,0.13,0.26,lucicmi01
Miles Wood,LW,3,0.00,0.00,0.00,woodmi01
Miro Heiskanen,D,70,0.07,0.44,0.51,heiskmi01
Mitch Marner,RW,72,0.49,0.86,1.35,marnemi01
Mitchell Chaffee,F,2,0.00,0.00,0.00,chaffmi01
Mitchell Stephens,C,27,0.00,0.22,0.22,stephmi01
Morgan Barron,C,27,0.07,0.11,0.19,barromo01
Morgan Frost,C,55,0.09,0.20,0.29,frostmo01
Morgan Geekie,C,73,0.10,0.21,0.30,geekimo01
Morgan Rielly,D,82,0.12,0.71,0.83,riellmo01
Moritz Seider,D,82,0.09,0.52,0.61,seidemo01
Nate Schmidt,D,77,0.05,0.36,0.42,schmina01
Nate Thompson,C,33,0.03,0.06,0.09,thompna01
Nathan Bastian,RW,72,0.17,0.08,0.25,bastina01
Nathan Beaulieu,D,24,0.00,0.17,0.17,beaulna01
Nathan MacKinnon,C,65,0.49,0.86,1.35,mackina01
Nathan Smith,C,10,0.20,0.20,0.40,smithna03
Nathan Walker,C,30,0.27,0.13,0.40,walkena01
Nazem Kadri,C,71,0.39,0.83,1.23,kadrina01
Neal Pionk,D,77,0.04,0.40,0.44,pionkne01
Nic Dowd,C,64,0.16,0.22,0.38,dowdni01
Nic Petan,C,18,0.00,0.11,0.11,petanni01
Nicholas Abruzzese,C,9,0.11,0.00,0.11,abruzni01
Nicholas Merkley,RW,9,0.11,0.22,0.33,merklni01
Nicholas Robertson,LW,10,0.10,0.00,0.10,roberni01
Nick Bjugstad,C,57,0.12,0.11,0.23,bjugsni01
Nick Blankenburg,D,7,0.14,0.29,0.43,blankni01
Nick Bonino,C,80,0.20,0.13,0.33,boninni01
Nick Cousins,C,68,0.13,0.19,0.32,cousini01
Nick Foligno,LW,64,0.03,0.17,0.20,foligni01
Nick Holden,D,76,0.07,0.18,0.25,holdeni01
Nick Jensen,D,76,0.07,0.21,0.28,jenseni02
Nick Leddy,D,75,0.04,0.28,0.32,leddyni01
Nick Paul,LW,80,0.20,0.20,0.40,paulni01
Nick Ritchie,LW,57,0.21,0.19,0.40,ritchni01
Nick Schmaltz,C,63,0.37,0.57,0.94,schmani01
Nick Seeler,D,43,0.02,0.05,0.07,seeleni01
Nick Suzuki,C,82,0.26,0.49,0.74,suzukni01
Nicklas Bäckström,C,47,0.13,0.53,0.66,backsni02
Nico Daws,G,25,0.00,0.00,0.00,dawsni01
Nico Hischier,C,70,0.30,0.56,0.86,hischni01
Nico Sturm,C,74,0.12,0.15,0.27,sturmni01
Nicolas Aubé-Kubel,RW,74,0.15,0.16,0.31,aubekni01
Nicolas Beaudin,D,2,0.00,0.00,0.00,beaudni01
Nicolas Deslauriers,LW,81,0.10,0.06,0.16,deslani01
Nicolas Hague,D,52,0.08,0.19,0.27,hagueni01
Nicolas Meloche,D,50,0.04,0.10,0.14,melocni01
Nicolas Roy,C,78,0.19,0.31,0.50,royni01
Nikita Kucherov,RW,47,0.53,0.94,1.47,kucheni01
Nikita Okhotyuk,D,5,0.20,0.20,0.40,okhotni01
Nikita Zadorov,D,74,0.05,0.24,0.30,zadorni01
Nikita Zaitsev,D,62,0.03,0.15,0.18,zaitsni01
Niko Mikkola,D,54,0.06,0.19,0.24,mikkoni01
Nikolaj Ehlers,LW,62,0.45,0.44,0.89,ehlerni01
Nils Höglander,LW,60,0.17,0.13,0.30,hoglani01
Nils Lundkvist,D,25,0.04,0.12,0.16,lundkni01
Nino Niederreiter,RW,75,0.32,0.27,0.59,niedeni01
Noah Cates,LW,16,0.31,0.25,0.56,catesno01
Noah Dobson,D,80,0.16,0.48,0.64,dobsono01
Noah Gregor,C,63,0.13,0.24,0.37,gregono01
Noah Hanifin,D,81,0.12,0.47,0.59,hanifno01
Noah Juulsen,D,8,0.00,0.25,0.25,juulsno01
Noel Acciari,C,20,0.15,0.25,0.40,acciano01
Nolan Foote,LW,7,0.43,0.14,0.57,footeno01
Nolan Patrick,C,25,0.08,0.20,0.28,patrino01
Oliver Bjorkstrand,RW,80,0.35,0.36,0.71,bjorkol01
Oliver Ekman-Larsson,D,79,0.06,0.30,0.37,ekmanol01
Oliver Kylington,D,73,0.12,0.30,0.42,kylinol01
Oliver Wahlstrom,RW,73,0.18,0.15,0.33,wahlsol01
Olli Juolevi,D,18,0.00,0.00,0.00,juoleol01
Olli Määttä,D,66,0.02,0.11,0.12,maattol01
Ondřej Kaše,RW,50,0.28,0.26,0.54,kaseon01
Ondřej Palát,LW,77,0.23,0.40,0.64,palaton01
Oskar Lindblom,LW,79,0.15,0.18,0.33,lindbos01
Oskar Steen,C,20,0.10,0.20,0.30,steenos01
Oskar Sundqvist,C,59,0.14,0.25,0.39,sundqos01
Otto Koivula,LW,8,0.00,0.25,0.25,koivuot01
Owen Power,D,8,0.25,0.13,0.38,powerow01
Owen Tippett,RW,63,0.16,0.17,0.33,tippeow01
P.K. Subban,D,77,0.06,0.22,0.29,subbapk01
Parker Kelly,F,41,0.17,0.12,0.29,kellypa01
Pat Maroon,LW,81,0.14,0.20,0.33,maroopa01
Patric Hörnqvist,RW,65,0.17,0.26,0.43,hornqpa01
Patrice Bergeron,C,73,0.34,0.55,0.89,bergepa01
Patrick Brown,C,44,0.09,0.11,0.20,brownpa02
Patrick Kane,RW,78,0.33,0.85,1.18,kanepa01
Patrik Laine,RW,56,0.46,0.54,1.00,lainepa01
Patrik Nemeth,D,63,0.03,0.08,0.11,nemetpa01
Paul Byron,LW,27,0.15,0.11,0.26,byronpa01
Paul Cotter,C,7,0.29,0.00,0.29,cottepa01
Paul Ladue,D,1,0.00,0.00,0.00,laduepa01
Paul Stastny,C,71,0.30,0.34,0.63,stastpa01
Pavel Buchnevich,LW,73,0.41,0.63,1.04,buchnpa01
Pavel Dorofeyev,LW,2,0.00,0.00,0.00,dorofpa01
Pavel Francouz,G,21,0.00,0.00,0.00,francpa01
Pavel Zacha,C,70,0.21,0.30,0.51,zachapa01
Petr Mrázek,G,20,0.00,0.00,0.00,mrazepe01
Petteri Lindbohm,D,9,0.00,0.11,0.11,lindbpe02
Peyton Krebs,C,57,0.12,0.26,0.39,krebspe01
Pheonix Copley,G,2,0.00,0.00,0.00,copleph01
Phil Kessel,RW,82,0.10,0.54,0.63,kesseph01
Philip Broberg,D,23,0.04,0.09,0.13,brobeph01
Philip Tomasino,C,76,0.14,0.28,0.42,tomasph01
Philipp Grubauer,G,55,0.00,0.02,0.02,grubaph01
Philipp Kurashev,C,67,0.09,0.22,0.31,kurasph01
Philippe Myers,D,27,0.04,0.11,0.15,myersph01
Phillip Danault,C,79,0.34,0.30,0.65,danauph01
Pierre Engvall,LW,78,0.19,0.26,0.45,engvapi01
Pierre-Édouard Bellemare,LW,80,0.11,0.14,0.25,bellepi01
Pierre-Luc Dubois,LW,81,0.35,0.40,0.74,duboipi01
Pierre-Olivier Joseph,D,4,0.00,0.00,0.00,joseppi01
Pius Suter,F,82,0.18,0.26,0.44,suterpi01
Pyotr Kochetkov,G,3,0.00,0.00,0.00,kochepy01
Quinn Hughes,D,76,0.11,0.79,0.89,hughequ01
Quinton Byfield,C,40,0.13,0.13,0.25,byfiequ01
Radek Faksa,C,77,0.06,0.18,0.25,faksara01
Radim Šimek,D,36,0.03,0.03,0.06,simekra01
Radim Zohorna,F,17,0.12,0.24,0.35,zohorra01
Radko Gudas,D,77,0.04,0.17,0.21,gudasra01
Rafaël Harvey-Pinard,LW,4,0.25,0.00,0.25,harvera01
Rasmus Andersson,D,82,0.05,0.56,0.61,anderra01
Rasmus Asplund,F,80,0.10,0.24,0.34,asplura01
Rasmus Dahlin,D,80,0.16,0.50,0.66,dahlira01
Rasmus Kupari,C,57,0.09,0.14,0.23,kuparra01
Rasmus Ristolainen,D,66,0.03,0.21,0.24,ristora01
Rasmus Sandin,D,51,0.10,0.22,0.31,sandira01
Reese Johnson,F,37,0.03,0.14,0.16,johnsre01
Reilly Smith,RW,56,0.29,0.39,0.68,smithre01
Reilly Walsh,D,1,0.00,1.00,1.00,walshre01
Rem Pitlick,C,66,0.23,0.33,0.56,pitlire01
Remi Elie,LW,1,0.00,0.00,0.00,eliere01
Rhett Gardner,C/LW,4,0.00,0.00,0.00,gardnrh01
Richard Pánik,RW,4,0.00,0.25,0.25,panikri01
Rickard Rakell,RW,70,0.29,0.30,0.59,rakelri01
Riley Barber,RW,4,0.00,0.00,0.00,barberi01
Riley Damiani,C,7,0.14,0.14,0.29,damiari01
Riley Nash,C,49,0.00,0.08,0.08,nashri02
Riley Sheahan,C,69,0.06,0.19,0.25,sheahri01
Riley Stillman,D,52,0.04,0.19,0.23,stillri01
Riley Tufte,LW,10,0.10,0.00,0.10,tufteri01
Robby Fabbri,C,56,0.30,0.23,0.54,fabbrro01
Robert Bortuzzo,D,73,0.01,0.07,0.08,borturo01
Robert Hägg,D,64,0.02,0.13,0.14,haggro01
Robert Thomas,C,72,0.28,0.79,1.07,thomaro01
Robin Lehner,G,44,0.00,0.02,0.02,lehnero01
Robin Salo,D,21,0.05,0.19,0.24,saloro01
Rocco Grimaldi,C,7,0.00,0.00,0.00,grimaro01
Roman Josi,D,80,0.29,0.91,1.20,josiro01
Ronald Attard,D,15,0.13,0.13,0.27,attarro01
Roope Hintz,LW,80,0.46,0.44,0.90,hintzro01
Ross Colton,C,79,0.28,0.22,0.49,coltoro01
Ross Johnston,LW,32,0.06,0.16,0.22,johnsro02
Rūdolfs Balcers,LW,61,0.18,0.20,0.38,balceru01
Ryan Carpenter,C,67,0.04,0.13,0.18,carpery01
Ryan Donato,C,74,0.22,0.20,0.42,donatry01
Ryan Dzingel,C,32,0.16,0.09,0.25,dzingry01
Ryan Ellis,D,4,0.25,1.00,1.25,ellisry01
Ryan Getzlaf,C,56,0.05,0.61,0.66,getzlry01
Ryan Graves,D,75,0.08,0.29,0.37,gravery01
Ryan Hartman,RW,82,0.41,0.38,0.79,hartmry01
Ryan Johansen,C,79,0.33,0.47,0.80,johanry01
Ryan Lindgren,D,78,0.05,0.14,0.19,lindgry01
Ryan Lomberg,LW,55,0.16,0.16,0.33,lombery01
Ryan MacInnis,C,1,0.00,0.00,0.00,macinry01
Ryan McDonagh,D,71,0.06,0.31,0.37,mcdonry01
Ryan McLeod,C,71,0.13,0.17,0.30,mcleory01
Ryan Merkley,D,39,0.03,0.13,0.15,merklry01
Ryan Murray,D,37,0.00,0.11,0.11,murrary01
Ryan Nugent-Hopkins,C,63,0.17,0.62,0.79,nugenry01
Ryan O'Reilly,C,78,0.27,0.47,0.74,oreilry01
Ryan Poehling,C,57,0.16,0.14,0.30,poehlry01
Ryan Pulock,D,56,0.09,0.29,0.38,pulocry01
Ryan Reaves,RW,69,0.07,0.12,0.19,reavery01
Ryan Strome,C,74,0.28,0.45,0.73,stromry01
Ryan Suter,D,82,0.09,0.30,0.39,suterry01
Sam Bennett,C,71,0.39,0.30,0.69,bennesa01
Sam Carrick,C,64,0.17,0.13,0.30,carrisa01
Sam Gagner,C,81,0.16,0.22,0.38,gagnesa01
Sam Lafferty,C/LW,56,0.09,0.14,0.23,laffesa01
Sam Montembeault,G,38,0.00,0.00,0.00,montesa01
Sam Reinhart,C,78,0.42,0.63,1.05,reinhsa01
Sam Steel,C,68,0.09,0.21,0.29,steelsa01
Sami Niku,D,13,0.00,0.46,0.46,nikusa01
Sammy Blais,LW,14,0.00,0.29,0.29,blaissa01
Sampo Ranta,LW,10,0.00,0.00,0.00,rantasa01
Samuel Fagemo,LW,4,0.00,0.00,0.00,fagemsa01
Samuel Girard,D,67,0.07,0.34,0.42,girarsa01
Santeri Hatakka,D,9,0.00,0.22,0.22,hataksa01
Sasha Chmelevski,C,19,0.00,0.42,0.42,chmelal01
Scott Harrington,D,7,0.00,0.14,0.14,harrisc01
Scott Laughton,C,67,0.16,0.28,0.45,laughsc01
Scott Mayfield,D,61,0.05,0.25,0.30,mayfisc01
Scott Perunovich,D,19,0.00,0.32,0.32,perunsc01
Scott Reedy,C,35,0.20,0.06,0.26,reedysc01
Scott Sabourin,F,7,0.00,0.29,0.29,sabousc01
Scott Wedgewood,G,37,0.00,0.00,0.00,wedgesc01
Sean Couturier,C,29,0.21,0.38,0.59,coutuse01
Sean Day,D,2,0.00,0.00,0.00,dayse01
Sean Durzi,D,64,0.05,0.38,0.42,durzise01
Sean Kuraly,C,77,0.18,0.21,0.39,kuralse01
Sean Monahan,C,65,0.12,0.23,0.35,monahse01
Sean Walker,D,6,0.00,0.33,0.33,walkese01
Sebastian Aho,F,79,0.47,0.56,1.03,ahose01
Sebastian Aho,D,36,0.06,0.28,0.33,ahose02
Semyon Varlamov,G,31,0.00,0.00,0.00,varlasi01
Sergei Bobrovsky,G,54,0.00,0.00,0.00,bobrose01
Seth Griffith,C,1,0.00,0.00,0.00,griffse01
Seth Jarvis,C,68,0.25,0.34,0.59,jarvise01
Seth Jones,D,78,0.06,0.59,0.65,jonesse01
Shane Pinto,C,5,0.00,0.20,0.20,pintosh01
Shayne Gostisbehere,D,82,0.17,0.45,0.62,gostish01
Shea Theodore,D,78,0.18,0.49,0.67,theodsh01
Sheldon Dries,C,11,0.18,0.09,0.27,driessh01
Sheldon Rempal,RW,1,0.00,0.00,0.00,rempash01
Sidney Crosby,C,69,0.45,0.77,1.22,crosbsi01
Simon Benoit,D,53,0.02,0.08,0.09,benoisi01
Slater Koekkoek,D,19,0.00,0.21,0.21,koekksl01
Sonny Milano,LW,66,0.21,0.30,0.52,milanso01
Spencer Knight,G,32,0.00,0.00,0.00,knighsp01
Spencer Martin,G,6,0.00,0.00,0.00,martisp01
Stefan Matteau,LW,1,0.00,0.00,0.00,mattest02
Stefan Noesen,RW,2,0.00,0.00,0.00,noesest01
Steven Fogarty,C,2,0.00,0.00,0.00,fogarst01
Steven Lorentz,C/LW,67,0.12,0.07,0.19,lorenst01
Steven Stamkos,C,81,0.52,0.79,1.31,stamkst01
Stuart Skinner,G,13,0.00,0.00,0.00,skinnst01
Sven Baertschi,LW,1,0.00,0.00,0.00,baertsv01
T.J. Brodie,D,82,0.05,0.29,0.34,broditj01
T.J. Oshie,C/RW,44,0.25,0.32,0.57,oshietj01
T.J. Tynan,C,2,0.00,0.00,0.00,tynant.01
Tage Thompson,C,78,0.49,0.38,0.87,thompta01
Tanner Jeannot,F,81,0.30,0.21,0.51,jeannta01
Tanner Kero,RW,23,0.00,0.13,0.13,kerota01
Tanner Laczynski,C,1,0.00,0.00,0.00,laczyta01
Tanner Pearson,LW,68,0.21,0.29,0.50,pearsta01
Taro Hirose,LW,15,0.07,0.20,0.27,hirosta01
Taylor Hall,LW,81,0.25,0.51,0.75,hallta02
Taylor Raddysh,RW,74,0.15,0.15,0.30,raddyta01
Teddy Blueger,C,65,0.14,0.29,0.43,bluegte01
Teuvo Teräväinen,F,77,0.29,0.56,0.84,teravte01
Thatcher Demko,G,64,0.00,0.03,0.03,demkoth01
Thomas Bordeleau,C,8,0.00,0.63,0.63,bordeth01
Thomas Chabot,D,59,0.12,0.53,0.64,chaboth01
Thomas Greiss,G,31,0.00,0.03,0.03,greisth01
Thomas Harley,D,34,0.03,0.09,0.12,harleth01
Thomas Hickey,D,2,0.00,0.00,0.00,hicketh01
Thomas Hodges,G,1,0.00,0.00,0.00,hodgeth01
Thomas Novak,C,27,0.04,0.22,0.26,novakth01
Tim Stützle,LW,79,0.28,0.46,0.73,stuetti02
Timo Meier,RW,77,0.45,0.53,0.99,meierti01
Timothy Gettinger,LW,8,0.00,0.00,0.00,gettiti01
Timothy Liljegren,D,61,0.08,0.30,0.38,liljeti01
Tobias Björnfot,D,70,0.00,0.11,0.11,bjornto01
Tom Wilson,RW,78,0.31,0.36,0.67,wilsoto01
Tomáš Hertl,C,82,0.37,0.41,0.78,hertlto01
Tomáš Nosek,C,75,0.04,0.19,0.23,nosekto01
Tomáš Tatar,LW,76,0.20,0.20,0.39,tatarto01
Tony DeAngelo,D,64,0.16,0.64,0.80,deangan01
Torey Krug,D,64,0.14,0.53,0.67,krugto01
Travis Boyd,C,74,0.23,0.24,0.47,boydtr01
Travis Dermott,D,60,0.03,0.08,0.12,dermotr01
Travis Hamonic,D,43,0.09,0.14,0.23,hamontr01
Travis Konecny,C,79,0.20,0.46,0.66,konectr01
Travis Sanheim,D,80,0.09,0.30,0.39,sanhetr01
Trent Frederic,C,60,0.13,0.17,0.30,fredetr01
Trevor Lewis,C,80,0.08,0.13,0.20,lewistr01
Trevor Moore,LW,81,0.21,0.38,0.59,mooretr01
Trevor van Riemsdyk,D,72,0.01,0.22,0.24,vanritr01
Trevor Zegras,C,75,0.31,0.51,0.81,zegratr01
Trey Fix-Wolansky,RW,6,0.17,0.17,0.33,fixwotr01
Tristan Jarry,G,58,0.00,0.03,0.03,jarrytr01
Troy Stecher,D,29,0.03,0.07,0.10,stechtr01
Troy Terry,C/RW,75,0.49,0.40,0.89,terrytr01
Tucker Poolman,D,40,0.03,0.05,0.08,poolmtu01
Turner Elson,LW,2,0.00,0.00,0.00,elsontu01
Tuukka Rask,G,4,0.00,0.00,0.00,rasktu01
Ty Dellandrea,C,1,0.00,0.00,0.00,dellaty01
Ty Smith,D,66,0.08,0.23,0.30,smithty01
Tyce Thompson,RW,2,0.00,0.00,0.00,thompty01
Tyler Benson,LW,29,0.03,0.03,0.07,bensoty01
Tyler Bertuzzi,LW,68,0.44,0.47,0.91,bertuty01
Tyler Bozak,C,50,0.06,0.18,0.24,bozakty01
Tyler Ennis,C,57,0.14,0.28,0.42,ennisty01
Tyler Johnson,C,26,0.12,0.15,0.27,johnsty01
Tyler Lewington,D,2,0.00,0.00,0.00,lewinty01
Tyler Motte,C,58,0.12,0.14,0.26,mottety01
Tyler Myers,D,82,0.01,0.21,0.22,myersty01
Tyler Pitlick,C,39,0.03,0.10,0.13,pitlity01
Tyler Seguin,C,81,0.30,0.31,0.60,seguity01
Tyler Toffoli,C,74,0.27,0.39,0.66,toffoty01
Tyson Barrie,D,73,0.10,0.47,0.56,barrity01
Tyson Jost,C,80,0.10,0.15,0.25,jostty01
Ukko-Pekka Luukkonen,G,9,0.00,0.00,0.00,luukkuk01
Urho Vaakanainen,D,29,0.00,0.21,0.21,vaakaur01
Valeri Nichushkin,RW,62,0.40,0.44,0.84,nichuva01
Valtteri Puustinen,RW,1,0.00,1.00,1.00,puustva01
Vasily Podkolzin,RW,79,0.18,0.15,0.33,podkova01
Victor Hedman,D,82,0.24,0.79,1.04,hedmavi01
Victor Mete,D,37,0.00,0.19,0.19,metevi01
Victor Olofsson,RW,72,0.28,0.40,0.68,olofsvi01
Victor Rask,C,47,0.19,0.26,0.45,raskvi01
Victor Söderström,D,16,0.00,0.00,0.00,sodervi01
Viktor Arvidsson,LW,66,0.30,0.44,0.74,arvidvi01
Viktor Lodin,C,1,0.00,0.00,0.00,lodinvi01
Ville Heinola,D,12,0.00,0.42,0.42,heinovi01
Ville Husso,G,40,0.00,0.00,0.00,hussovi01
Vince Dunn,D,73,0.10,0.38,0.48,dunnvi02
Vincent Trocheck,C,81,0.26,0.37,0.63,trochvi01
Vinni Lettieri,C,31,0.16,0.16,0.32,lettivi01
Vinnie Hinostroza,C,62,0.21,0.19,0.40,hinosvi01
Vítek Vaněček,G,42,0.00,0.00,0.00,vanecvi01
Vladimir Tarasenko,RW,75,0.45,0.64,1.09,tarasvl01
Vladimir Tkachev,F,4,0.00,0.50,0.50,tkachvl02
Vladislav Gavrikov,D,80,0.06,0.35,0.41,gavrivl01
Vladislav Kolyachonok,D,32,0.03,0.06,0.09,kolyavl01
Vladislav Namestnikov,C,75,0.21,0.19,0.40,namesvl01
Wade Allison,RW,1,0.00,0.00,0.00,alliswa01
Walker Duehr,F,1,0.00,0.00,0.00,duehrwa01
Warren Foegele,LW,82,0.15,0.17,0.32,foegewa01
Wayne Simmonds,RW,72,0.07,0.15,0.22,simmowa01
Will Butcher,D,37,0.05,0.16,0.22,butchwi01
William Borgen,D,36,0.06,0.17,0.22,borgewi01
William Carrier,LW,63,0.14,0.17,0.32,carriwi01
William Eklund,LW,9,0.00,0.44,0.44,eklunwi01
William Karlsson,C,67,0.18,0.34,0.52,karlswi01
William Lagesson,D,33,0.00,0.15,0.15,lageswi01
William Lockwood,RW,13,0.00,0.00,0.00,lockwwi01
William Nylander,C,81,0.42,0.57,0.99,nylanwi01
Wyatt Kalynuk,D,5,0.00,0.00,0.00,kalynwy01
Yakov Trenin,C,80,0.21,0.09,0.30,treniya01
Yanni Gourde,C,74,0.28,0.36,0.65,gourdya01
Yegor Chinakhov,RW,62,0.11,0.11,0.23,chinaye01
Yegor Sharangovich,C,76,0.32,0.29,0.61,sharaye01
Yegor Zamula,D,10,0.00,0.00,0.00,zamulye01
Zac Dalpe,RW,1,0.00,0.00,0.00,dalpeza01
Zach Aston-Reese,C,69,0.07,0.14,0.22,astonza01
Zach Bogosian,D,48,0.06,0.10,0.17,bogosza01
Zach Hyman,C,76,0.36,0.36,0.71,hymanza01
Zach Parise,LW,82,0.18,0.24,0.43,parisza01
Zach Sanford,LW,80,0.11,0.15,0.26,sanfoza01
Zach Werenski,D,68,0.16,0.54,0.71,werenza01
Zach Whitecloud,D,59,0.14,0.19,0.32,whiteza01
Zachary Fucale,G,4,0.00,0.00,0.00,fucalza01
Zachary Jones,D,12,0.00,0.17,0.17,jonesza01
Zachary Sawchenko,G,7,0.00,0.00,0.00,sawchza01
Zachary Senyshyn,RW,2,0.00,0.00,0.00,senysza01
Zack Hayes,D,3,0.00,0.00,0.00,hayesza01
Zack Kassian,RW,58,0.10,0.22,0.33,kassiza01
Zack MacEwen,C,75,0.04,0.08,0.12,macewza01
Zdeno Chára,D,72,0.03,0.17,0.19,charazd01
Zemgus Girgensons,C,56,0.18,0.14,0.32,girgeze01